{
  "properties": {
    "connectionReferences": {
      "shared_sharepointonline": {
        "runtimeSource": "invoker",
        "connection": {
          "connectionReferenceLogicalName": "cr49f_sharedsharepointonline_50ba1"
        },
        "api": {
          "name": "shared_sharepointonline"
        }
      },
      "shared_office365": {
        "runtimeSource": "invoker",
        "connection": {
          "connectionReferenceLogicalName": "cr49f_sharedoffice365_79718"
        },
        "api": {
          "name": "shared_office365"
        }
      }
    },
    "definition": {
      "$schema": "https://schema.management.azure.com/providers/Microsoft.Logic/schemas/2016-06-01/workflowdefinition.json#",
      "contentVersion": "1.0.0.0",
      "parameters": {
        "$connections": {
          "defaultValue": {},
          "type": "Object"
        },
        "$authentication": {
          "defaultValue": {},
          "type": "SecureObject"
        }
      },
      "triggers": {
        "manual": {
          "metadata": {
            "operationMetadataId": "0d918ae8-4850-45a2-a695-0025559a5792"
          },
          "type": "Request",
          "kind": "PowerAppV2",
          "inputs": {
            "schema": {
              "type": "object",
              "properties": {
                "number": {
                  "title": "LineItemId",
                  "type": "number",
                  "x-ms-dynamically-added": true,
                  "description": "Please enter a number",
                  "x-ms-content-hint": "NUMBER"
                }
              },
              "required": [
                "number"
              ]
            }
          }
        }
      },
      "actions": {
        "Get_item": {
          "runAfter": {},
          "metadata": {
            "operationMetadataId": "2bd35fc2-b259-4b30-a1d8-f59b4e50d8de"
          },
          "type": "OpenApiConnection",
          "inputs": {
            "host": {
              "apiId": "/providers/Microsoft.PowerApps/apis/shared_sharepointonline",
              "connectionName": "shared_sharepointonline",
              "operationId": "GetItem"
            },
            "parameters": {
              "dataset": "https://nationalueduph.sharepoint.com/sites/HRApp",
              "table": "7c98f98b-049b-48a1-a582-9be0c572a944",
              "id": "@triggerBody()['number']"
            },
            "authentication": {
              "value": "@json(decodeBase64(triggerOutputs().headers['X-MS-APIM-Tokens']))['$ConnectionKey']",
              "type": "Raw"
            }
          }
        },
        "Send_an_email_-_New_Employee": {
          "runAfter": {
            "Get_item": [
              "Succeeded"
            ]
          },
          "metadata": {
            "operationMetadataId": "8dbced4c-7155-4194-8f99-2ec3fc03f25d"
          },
          "type": "OpenApiConnection",
          "inputs": {
            "host": {
              "apiId": "/providers/Microsoft.PowerApps/apis/shared_office365",
              "connectionName": "shared_office365",
              "operationId": "SendEmailV2"
            },
            "parameters": {
              "emailMessage/To": "@outputs('Get_item')?['body/EmailAddress_x0028_Personal_x002']",
              "emailMessage/Subject": "New Employee: @{outputs('Get_item')?['body/FirstName']} @{outputs('Get_item')?['body/Title']}",
              "emailMessage/Body": "<p>Let us welcome our new employee:<br>\n<br>\n@{outputs('Get_item')?['body/FirstName']}@{outputs('Get_item')?['body/Title']} (@{outputs('Get_item')?['body/JobTitle_x002f_Occupation_x002f_']}): You can call him @{outputs('Get_item')?['body/FirstName']}.<br>\nHe/She will be reporting to Mr. John Doe of the Some Technical Department. <br>\n<br>\nLet us give him/her our support in the tasks ahead of him.<br>\n<br>\n<br>\n<br>\n<br>\nThank you &amp; Best regards,<br>\n<br>\n<br>\nHR Staff</p>",
              "emailMessage/Importance": "Normal"
            },
            "authentication": {
              "value": "@json(decodeBase64(triggerOutputs().headers['X-MS-APIM-Tokens']))['$ConnectionKey']",
              "type": "Raw"
            }
          }
        },
        "Send_an_email_-_Payroll_Account_Opening": {
          "runAfter": {
            "Get_item": [
              "Succeeded"
            ]
          },
          "metadata": {
            "operationMetadataId": "b36f936c-5a5f-404b-a3c0-82a077e4d907"
          },
          "type": "OpenApiConnection",
          "inputs": {
            "host": {
              "apiId": "/providers/Microsoft.PowerApps/apis/shared_office365",
              "connectionName": "shared_office365",
              "operationId": "SendEmailV2"
            },
            "parameters": {
              "emailMessage/To": "@outputs('Get_item')?['body/EmailAddress_x0028_Personal_x002']",
              "emailMessage/Subject": "Payroll Account Opening",
              "emailMessage/Body": "<p>Hi @{outputs('Get_item')?['body/FirstName']},<br>\n<br>\nKindly accomplish attached file to be sent to Somebank for Account Opening. Reply to this email once done.<br>\n<br>\n<br>\nThanks and Best Regards,<br>\n<br>\nHR Staff</p>",
              "emailMessage/Importance": "Normal"
            },
            "authentication": {
              "value": "@json(decodeBase64(triggerOutputs().headers['X-MS-APIM-Tokens']))['$ConnectionKey']",
              "type": "Raw"
            }
          }
        },
        "Send_an_email_(V2)_-_Emergency_Contact": {
          "runAfter": {
            "Get_item": [
              "Succeeded"
            ]
          },
          "metadata": {
            "operationMetadataId": "f95156f0-9e2e-497c-a22a-526cefa785ab"
          },
          "type": "OpenApiConnection",
          "inputs": {
            "host": {
              "apiId": "/providers/Microsoft.PowerApps/apis/shared_office365",
              "connectionName": "shared_office365",
              "operationId": "SendEmailV2"
            },
            "parameters": {
              "emailMessage/To": "@outputs('Get_item')?['body/EmailAddress_x0028_Personal_x002']",
              "emailMessage/Subject": "Emergency Contact",
              "emailMessage/Body": "<p>Hi @{outputs('Get_item')?['body/FirstName']},<br>\n<br>\nIn line with the Data Privacy Act, we would like to get your consent to include your ‘Person to be notified in Case of Emergency’ including the (Name, Address and Contact number of your guardian) in your ID. If you’re allowing us to include your emergency contact person, kindly provide details and reply to this email. If not, we will put HR’s number and Company's address instead (Note: You will still give to HR the ff details for records purposes).<br>\n<br>\n<br>\nThanks and Best Regards,<br>\n<br>\nHR Staff</p>",
              "emailMessage/Importance": "Normal"
            },
            "authentication": {
              "value": "@json(decodeBase64(triggerOutputs().headers['X-MS-APIM-Tokens']))['$ConnectionKey']",
              "type": "Raw"
            }
          }
        },
        "Send_an_email_(V2)_-_Information_Security_policy": {
          "runAfter": {
            "Get_item": [
              "Succeeded"
            ]
          },
          "metadata": {
            "operationMetadataId": "895f0c51-df5b-4bdd-a1ae-6fbdab6c60a6"
          },
          "type": "OpenApiConnection",
          "inputs": {
            "host": {
              "apiId": "/providers/Microsoft.PowerApps/apis/shared_office365",
              "connectionName": "shared_office365",
              "operationId": "SendEmailV2"
            },
            "parameters": {
              "emailMessage/To": "@outputs('Get_item')?['body/EmailAddress_x0028_Personal_x002']",
              "emailMessage/Subject": "Emergency Contact",
              "emailMessage/Body": "<p>Hi @{outputs('Get_item')?['body/FirstName']},<br>\n<br>\nIn line with the Data Privacy Act, we would like to get your consent to include your ‘Person to be notified in Case of Emergency’ including the (Name, Address and Contact number of your guardian) in your ID. If you’re allowing us to include your emergency contact person, kindly provide details and reply to this email. If not, we will put HR’s number and Company's address instead (Note: You will still give to HR the ff details for records purposes).<br>\n<br>\n<br>\nThanks and Best Regards,<br>\n<br>\nHR Staff</p>",
              "emailMessage/Importance": "Normal"
            },
            "authentication": {
              "value": "@json(decodeBase64(triggerOutputs().headers['X-MS-APIM-Tokens']))['$ConnectionKey']",
              "type": "Raw"
            }
          }
        }
      }
    },
    "templateName": null
  },
  "schemaVersion": "1.0.0.0"
}